{
  "Q1_RUL_A_days": 482.55844377925587,
  "Q1_RUL_B_days": 472.12676054966914,
  "Q1_RUL_CI": [
    116.43919452873911,
    1127.558739291806
  ],
  "Q1_stage": "F",
  "Q2_top_features": [
    "RMS",
    "PeakToPeak",
    "MaxFreqAmp"
  ],
  "Q3_RUL_TL_days": 472.12676054966914,
  "Q3_RUL_TL_CI": [
    331.7826882687241,
    639.3685234124505
  ],
  "Q3_alert_level": "L3"
}