{
  "Q1_RUL_A_days": 482.55844377925587,
  "Q1_RUL_B_days": 472.12676054966914,
  "Q1_RUL_CI": [
    347.65033993798534,
    617.2305402963111
  ],
  "Q1_stage": "F",
  "Q2_top_features": [
    "RMS",
    "PeakToPeak",
    "SpectralEntropy"
  ],
  "Q3_RUL_TL_days": 472.12676054966914,
  "Q3_RUL_TL_CI": [
    432.7098062715663,
    510.4575071860095
  ],
  "Q3_alert_level": "L3"
}