{
  "theta_A": {
    "i0": 0.1137,
    "alpha": 0.5975510542317612,
    "beta": 0.00035836051793830564,
    "sigma_eps_sq": 5.9721266178490774e-05
  },
  "theta_B_local": {
    "mu": 0.007613717688917786,
    "sigma_sq": 1.4465818804961024
  },
  "RUL_A": 1548.4589538210007,
  "RUL_B": 57.45652579889102,
  "RUL_CI": [
    0.02631146076508389,
    113.93323746091563
  ],
  "stage": "F",
  "probabilities": {
    "P_30": 0.9492087237214791,
    "P_90": 0.9715991613880837,
    "P_180": 0.9805517854863781
  }
}