param,eps,mu,sigma_sq
eps,0.0001,0.005055351249995422,0.34330850632918486
eps,1e-06,0.007613717688917786,1.4465818804961024
eps,1e-08,0.010172144955566145,3.3775916132978185
