{
  "theta_A": {
    "i0": 0.1137,
    "alpha": 0.5975510542317612,
    "beta": 0.00035836051793830564,
    "sigma_eps_sq": 5.9721266178490774e-05
  },
  "theta_B_local": {
    "alpha": 0.333269614247712,
    "beta": 0.0007188764449424092,
    "sigma_B2": 0.014881890394190774
  },
  "RUL_A": 482.55844377925587,
  "RUL_B": 472.12676054966914,
  "RUL_CI": [
    347.65033993798534,
    617.2305402963111
  ],
  "stage": "F",
  "probabilities": {
    "P_30": 3.986181389006058e-121,
    "P_90": 3.772941721050103e-32,
    "P_180": 7.486580365158292e-11
  }
}