param,ratio,n_points,sigma_B2,RUL,CI_width
wiener_window,1.0,1801,0.024675440895845165,1000.5,722.7
wiener_window,0.5,900,0.02937956806934728,2350.6,1007.9
wiener_window,0.7,1260,0.027295276143411797,1870.4,917.9
