param,beta0,alpha_hat,beta_hat,rmse
beta0,0.0001,0.5975511054147041,0.0003583604986038507,0.007661807231357228
beta0,0.0005,0.5975511124753882,0.0003583604959603916,0.007661807231357787
beta0,0.001,0.5975511055924124,0.00035836049853723114,0.007661807231357227
