param,ratio,n_points,mu,sigma_sq,RUL,CI_width
wiener_window,0.5,900,0.01401423087531409,2.8957561225304973,110.1,519.9
wiener_window,0.7,1260,0.01040761127618861,2.068039920488515,99.8,373.7
wiener_window,1.0,1801,0.007613717688917786,1.4465818804961024,57.5,113.9
