{
  "theta_A": {
    "i0": 0.1137,
    "alpha": 0.5975510542317612,
    "beta": 0.00035836051793830564,
    "sigma_eps_sq": 5.9721266178490774e-05
  },
  "theta_B_local": {
    "alpha": 0.333269614247712,
    "beta": 0.0007188764449424092,
    "sigma_B2": 0.29480983503050007
  },
  "RUL_A": 482.55844377925587,
  "RUL_B": 472.12676054966914,
  "RUL_CI": [
    116.43919452873911,
    1127.558739291806
  ],
  "stage": "F",
  "probabilities": {
    "P_30": 1.388771750045051e-07,
    "P_90": 0.00706924828092801,
    "P_180": 0.11584936465045825
  }
}