param,window,Mon
W_smooth,20,0.5644444444444444
W_smooth,50,0.9222222222222223
W_smooth,100,0.9933333333333333
