param,scale,sigma_B2,RUL,CI_width
sigma_B_scale,0.5,0.21708564184343027,1000.5,1886.9
sigma_B_scale,1.0,0.43417128368686053,1000.5,2420.3
sigma_B_scale,2.0,0.8683425673737211,1000.5,2986.9
