param,ratio,n_points,sigma_B2,RUL,CI_width
wiener_window,0.5,900,0.49618154157498173,2350.6,3490.2
wiener_window,0.7,1260,0.48165169229082855,1870.4,3189.1
wiener_window,1.0,1801,0.43417128368686053,1000.5,2420.3
