{
  "theta_A": {
    "i0": 0.1137,
    "alpha": 0.5975510542317612,
    "beta": 0.00035836051793830564,
    "sigma_eps_sq": 5.9721266178490774e-05
  },
  "theta_B_local": {
    "alpha": 0.5975510542317612,
    "beta": 0.00035836051793830564,
    "sigma_B2": 0.43417128368686053
  },
  "RUL_A": 1548.4589538210007,
  "RUL_B": 1000.5489399351745,
  "RUL_CI": [
    191.111876084321,
    2611.427390136547
  ],
  "stage": "F",
  "probabilities": {
    "P_30": 5.609530828737971e-11,
    "P_90": 0.000340784815846068,
    "P_180": 0.019638901788654857
  }
}