param,scale,sigma_B2,RUL,CI_width
sigma_B_scale,1.0,0.024675440895845165,1000.5,722.7
sigma_B_scale,0.5,0.012337720447922583,1000.5,516.5
sigma_B_scale,2.0,0.04935088179169033,1000.5,1001.6
