i0,alpha,beta,sigma_eps_sq,rmse,r2,aic,bic
0.1137,0.333269614247712,0.0007188764449424092,6.54507271618367e-05,0.008083421502398767,0.998974503065673,-12234.200936219117,-12217.712644183588
