alpha,beta,sigma_B2,rmse,r2
0.333269614247712,0.0007188764449424092,0.014881890394190774,0.007575731894837799,0.9991227841237602
