i0,alpha,beta,sigma_eps_sq,rmse,r2,aic,bic
0.1137,0.5975510542317612,0.00035836051793830564,5.9721266178490774e-05,0.0076618072313552965,0.9996832234362745,-1206.2783758257162,-1196.7669238406017
