mu,sigma_sq,mu_se,sigma_se,X_F
0.007613717688917786,1.4465818804961024,0.02834883772354014,0.04821939601653674,0.32663904890651946
