alpha,beta,sigma_B2,rmse,r2
0.5975510542317612,0.00035836051793830564,0.43417128368686053,0.14442937940038683,0.6726178427356059
