alpha,beta,sigma_B2,rmse,r2
0.333269614247712,0.0007188764449424092,0.29480983503050007,0.008083421502398765,0.998974503065673
