bearing,mu,sigma_sq,wiener_rmse,wiener_r2,exp_a,exp_b,exp_rmse,exp_r2,final_stage,t_eol
Bearing1_1,0.00819672131147541,0.003158242827626869,0.3001431188900854,-1.1166823214027946,0.07985555379076664,0.018833789451126612,0.07140406179247841,0.8802033331642067,F,122.0
Bearing3_1,0.000376251020016836,0.00011216185513046645,0.5356734770518902,-70.08865281998428,1.000000000000104e-08,0.006804653107445721,0.036751362563604895,0.6653838580933437,F,2537.0
Bearing3_5,0.0088114347688145,0.0022833518574440683,0.09720582364129855,0.8386785138362911,9.999999999999952,0.000803988968563948,0.09455794578380593,0.8473475766768479,F,113.0
