{
  "top_features": [
    "RMS",
    "PeakToPeak",
    "MaxFreqAmp"
  ],
  "bearings": [
    {
      "bearing": "Bearing1_1",
      "mu": 0.00819672131147541,
      "sigma_sq": 0.003158242827626869,
      "wiener_rmse": 0.3001431188900854,
      "wiener_r2": -1.1166823214027946,
      "exp_a": 0.07985555379076664,
      "exp_b": 0.018833789451126612,
      "exp_rmse": 0.07140406179247841,
      "final_stage": "F",
      "t_eol": 122.0
    },
    {
      "bearing": "Bearing3_1",
      "mu": 0.000376251020016836,
      "sigma_sq": 0.00011216185513046645,
      "wiener_rmse": 0.5356734770518902,
      "wiener_r2": -70.08865281998428,
      "exp_a": 1.000000000000104e-08,
      "exp_b": 0.006804653107445721,
      "exp_rmse": 0.036751362563604895,
      "final_stage": "F",
      "t_eol": 2537.0
    },
    {
      "bearing": "Bearing3_5",
      "mu": 0.0088114347688145,
      "sigma_sq": 0.0022833518574440683,
      "wiener_rmse": 0.09720582364129855,
      "wiener_r2": 0.8386785138362911,
      "exp_a": 9.999999999999952,
      "exp_b": 0.000803988968563948,
      "exp_rmse": 0.09455794578380593,
      "final_stage": "F",
      "t_eol": 113.0
    }
  ]
}