Feature,Avg_S_F
RMS,0.5956620951081054
PeakToPeak,0.5119650764853606
MaxFreqAmp,0.42195915622649
