Feature,Avg_S_F
RMS,0.6229127657304006
PeakToPeak,0.5383576873881685
SpectralEntropy,0.4846488722833697
