bearing,MMD,CORAL
Bearing1_1,0.3221843147913689,0.0007295576402097237
Bearing3_1,0.766999335507092,0.0016872943185899853
Bearing3_5,0.2481951243322482,0.00038460965766099907
