bearing,MMD,CORAL
Bearing1_1,0.2880798535900979,0.00038461309264680333
Bearing3_1,0.770711135012775,0.0010821144174421227
Bearing3_5,0.26019041740012727,0.00014487783828789007
