{
  "RUL_TL": 57.45652579889102,
  "RUL_TL_CI": [
    0.02631146076508389,
    113.93323746091563
  ],
  "RUL_Q1": 57.45652579889102,
  "lambda": 0.0,
  "MMD": 0.2481951243322482,
  "transferable": false,
  "mu_TL": 0.007613717688917786,
  "sigma_sq_TL": 1.4465818804961024,
  "stage": "F",
  "alert_level": "L3",
  "probabilities": {
    "P_30": 0.9492087237214791,
    "P_90": 0.9715991613880837,
    "P_180": 0.9805517854863781
  },
  "action": "立即启动应急响应，建议停止关键任务，准备卫星姿态接管"
}