param,threshold,MMD,transferable
MMD_thr,0.2,0.26019041740012727,False
MMD_thr,0.3,0.26019041740012727,True
MMD_thr,0.4,0.26019041740012727,True
