{
  "RUL_TL": 472.12676054966914,
  "RUL_TL_CI": [
    432.7098062715663,
    510.4575071860095
  ],
  "RUL_Q1": 472.12676054966914,
  "lambda": 0.9345416784889968,
  "MMD": 0.26019041740012727,
  "transferable": true,
  "sigma_B2_TL": 0.0012049496936569258,
  "stage": "F",
  "alert_level": "L3",
  "probabilities": {
    "P_30": 0.0,
    "P_90": 0.0,
    "P_180": 1.779993682218532e-114
  },
  "action": "立即启动应急响应，建议停止关键任务，准备卫星姿态接管"
}