param,h,lambda
h,0.5,0.8840853780668522
h,1.0,0.9402581443767728
h,2.0,0.9696690901419787
h,5.0,0.9877554185566977
