param,threshold,MMD,transferable
MMD_thr,0.05,0.2481951243322482,False
MMD_thr,0.1,0.2481951243322482,False
MMD_thr,0.2,0.2481951243322482,False
