{
  "RUL_TL": 1000.5489399351745,
  "RUL_TL_CI": [
    652.2140382822236,
    1428.3364395005133
  ],
  "RUL_Q1": 1000.5489399351745,
  "lambda": 0.9345416784889968,
  "MMD": 0.26019041740012727,
  "transferable": true,
  "sigma_B2_TL": 0.02865092960596196,
  "stage": "F",
  "alert_level": "L3",
  "probabilities": {
    "P_30": 1.9871236333467914e-143,
    "P_90": 8.075867457704035e-44,
    "P_180": 4.573582789987638e-19
  },
  "action": "立即启动应急响应，建议停止关键任务，准备卫星姿态接管"
}