param,h,lambda
h,0.5,0.8733681488330316
h,1.0,0.9345416784889968
h,2.0,0.9667169588297274
h,5.0,0.9865514402706219
