{
  "RUL_TL": 472.12676054966914,
  "RUL_TL_CI": [
    331.7826882687241,
    639.3685234124505
  ],
  "RUL_Q1": 472.12676054966914,
  "lambda": 0.9345416784889968,
  "MMD": 0.26019041740012727,
  "transferable": true,
  "sigma_B2_TL": 0.019528563093574754,
  "stage": "F",
  "alert_level": "L3",
  "probabilities": {
    "P_30": 8.968903125415473e-93,
    "P_90": 6.564223652175475e-25,
    "P_180": 1.2361866668059483e-08
  },
  "action": "立即启动应急响应，建议停止关键任务，准备卫星姿态接管"
}